{"Train/Kloss": 8.857171292718565e-07, "Train/CovLoss": 7.337603381041618e-64, "step": 99999, "_timestamp": 1743621255.9880497, "_runtime": 653.6585206985474, "_step": 101000, "Eval/Kloss": 7.870864201833094e-08, "Eval/CovLoss": 1.7470949992138593e-63, "Eval/best_loss": 6.85575776733378e-08, "best_loss": 6.85575776733378e-08, "convergence_loss": 7.641897535175787e-08, "_wandb": {"runtime": 653}}