{"Train/Kloss": 0.0002542035627428185, "Train/CovLoss": 0.04677522780414234, "step": 7913, "_timestamp": 1743620568.9613168, "_runtime": 4217.108505725861, "_step": 7993, "Eval/Kloss": 0.26560033082247864, "Eval/CovLoss": 1.2128872008045377e-07, "Eval/best_loss": 0.25537781375807084, "_wandb": {"runtime": 4216}}